City_ID,City,Country,Date,Lat,Lng,Max Temp,Humidity,Cloudiness,Wind Speed
0,Saint-Philippe,RE,2022-04-18 17:56:47,-21.3585,55.7679,78.39,87,42,11.16
1,Pevek,RU,2022-04-18 17:56:48,69.7008,170.3133,8.13,95,100,5.08
2,East London,ZA,2022-04-18 17:56:49,-33.0153,27.9116,65.34,94,75,12.66
3,Bambous Virieux,MU,2022-04-18 17:56:49,-20.3428,57.7575,79.21,94,75,11.5
4,Castro,BR,2022-04-18 17:56:42,-24.7911,-50.0119,68.27,55,46,4.03
5,Sioux Lookout,CA,2022-04-18 17:56:51,50.1001,-91.917,30.27,69,75,10.36
6,Hithadhoo,MV,2022-04-18 17:56:52,-0.6,73.0833,83.52,71,100,2.75
7,Carlsbad,US,2022-04-18 17:56:52,33.1581,-117.3506,80.35,75,38,3.0
8,Brooks,CA,2022-04-18 17:53:47,50.5834,-111.8851,45.03,45,57,11.5
9,Puerto Ayora,EC,2022-04-18 17:56:53,-0.7393,-90.3518,78.76,83,91,8.55
10,Vernon,CA,2022-04-18 17:56:54,50.2581,-119.2691,51.6,40,100,5.75
11,Rikitea,PF,2022-04-18 17:56:55,-23.1203,-134.9692,78.13,67,9,14.43
12,Am Timan,TD,2022-04-18 17:56:55,11.0297,20.2827,79.59,67,100,6.93
13,Ushuaia,AR,2022-04-18 17:56:56,-54.8,-68.3,46.02,87,75,4.61
14,Saskylakh,RU,2022-04-18 17:56:56,71.9167,114.0833,13.3,94,100,15.77
15,Fortuna,US,2022-04-18 17:56:57,40.5982,-124.1573,57.09,76,100,20.71
16,Narsaq,GL,2022-04-18 17:56:57,60.9167,-46.05,38.66,50,34,7.34
17,Ponta Do Sol,PT,2022-04-18 17:56:58,32.6667,-17.1,70.12,55,9,12.46
18,Merauke,ID,2022-04-18 17:56:59,-8.4667,140.3333,78.42,87,100,3.42
19,Atherton,GB,2022-04-18 17:56:59,53.5237,-2.4935,55.29,64,97,1.99
20,Cap Malheureux,MU,2022-04-18 17:57:00,-19.9842,57.6142,79.47,87,47,5.01
21,Pimenta Bueno,BR,2022-04-18 17:57:01,-11.6725,-61.1936,84.56,69,52,4.07
22,Camacha,PT,2022-04-18 17:57:01,33.0833,-16.3333,60.22,72,75,16.11
23,Lagoa,PT,2022-04-18 17:57:02,39.05,-27.9833,58.39,68,72,16.08
24,Saint George,US,2022-04-18 17:54:03,37.1041,-113.5841,76.62,15,0,3.44
25,Vaini,TO,2022-04-18 17:57:03,-21.2,-175.2,79.92,81,56,16.33
26,Seoul,KR,2022-04-18 17:54:22,37.5683,126.9778,47.64,74,20,4.61
27,Qaqortoq,GL,2022-04-18 17:57:05,60.7167,-46.0333,38.97,52,27,7.45
28,Torbay,CA,2022-04-18 17:53:29,47.6666,-52.7314,47.17,57,75,26.46
29,Christchurch,NZ,2022-04-18 17:57:07,-43.5333,172.6333,48.94,94,29,5.75
30,Albany,US,2022-04-18 17:53:51,42.6001,-73.9662,59.18,34,55,5.01
31,Cape Town,ZA,2022-04-18 17:53:52,-33.9258,18.4232,63.91,84,0,13.0
32,Kodiak,US,2022-04-18 17:54:02,57.79,-152.4072,37.06,70,99,11.45
33,Qaanaaq,GL,2022-04-18 17:57:09,77.484,-69.3632,-7.42,75,0,2.62
34,Hermanus,ZA,2022-04-18 17:55:41,-34.4187,19.2345,62.8,85,22,10.56
35,Nangomba,TZ,2022-04-18 17:57:10,-10.9,38.5,72.05,95,18,2.64
36,Camacupa,AO,2022-04-18 17:57:11,-12.0167,17.4833,64.67,94,100,3.87
37,Yar-Sale,RU,2022-04-18 17:57:12,66.8333,70.8333,19.42,88,100,13.27
38,Ilulissat,GL,2022-04-18 17:57:12,69.2167,-51.1,15.21,92,100,10.56
39,Port Alfred,ZA,2022-04-18 17:57:13,-33.5906,26.891,61.18,95,92,1.99
40,Jamestown,US,2022-04-18 17:57:13,42.097,-79.2353,41.52,51,100,11.99
41,Mataura,NZ,2022-04-18 17:57:14,-46.1927,168.8643,46.63,89,100,3.44
42,Hualmay,PE,2022-04-18 17:57:14,-11.0964,-77.6139,71.37,73,48,10.31
43,Kavaratti,IN,2022-04-18 17:57:15,10.5669,72.642,84.65,69,95,4.97
44,Busselton,AU,2022-04-18 17:57:15,-33.65,115.3333,61.72,85,73,4.59
45,Weymouth,US,2022-04-18 17:53:00,42.2209,-70.9398,60.73,47,40,17.27
46,Barrow,US,2022-04-18 17:58:16,71.2906,-156.7887,-2.56,85,15,4.94
47,Saint Anthony,US,2022-04-18 17:58:17,45.0205,-93.218,37.24,73,100,8.01
48,San Lawrenz,MT,2022-04-18 17:58:18,36.0553,14.204,58.86,76,3,3.0
49,Inhambane,MZ,2022-04-18 17:58:19,-23.865,35.3833,71.58,100,75,0.0
50,Umm Kaddadah,SD,2022-04-18 17:58:19,13.6017,26.6876,90.01,27,41,2.51
51,Qandala,SO,2022-04-18 17:58:20,11.472,49.8728,87.04,56,1,8.79
52,Roald,NO,2022-04-18 17:58:20,62.5833,6.1333,58.12,71,0,4.61
53,Victoria,HK,2022-04-18 17:53:29,22.2855,114.1577,71.26,85,91,8.01
54,Severo-Yeniseyskiy,RU,2022-04-18 17:58:21,60.3725,93.0408,0.93,100,92,4.0
55,Dwarka,IN,2022-04-18 17:58:22,22.2394,68.9678,80.37,81,3,11.18
56,Dunedin,NZ,2022-04-18 17:58:22,-45.8742,170.5036,52.81,81,100,4.05
57,Mar Del Plata,AR,2022-04-18 17:55:15,-38.0023,-57.5575,64.42,92,75,18.01
58,Katangli,RU,2022-04-18 17:58:23,51.7102,143.2326,17.94,98,50,5.19
59,Scottsbluff,US,2022-04-18 17:58:24,41.8666,-103.6672,52.79,36,60,7.0
60,Port Elizabeth,ZA,2022-04-18 17:58:25,-33.918,25.5701,63.1,89,0,0.0
61,Alofi,NU,2022-04-18 17:55:26,-19.0595,-169.9187,75.09,100,75,3.44
62,Mahebourg,MU,2022-04-18 17:58:26,-20.4081,57.7,79.25,94,75,11.5
63,Ahipara,NZ,2022-04-18 17:58:26,-35.1667,173.1667,65.91,96,21,7.14
64,Jijiang,CN,2022-04-18 17:58:27,29.2906,106.2542,65.5,75,100,3.22
65,Rodeo,US,2022-04-18 17:58:27,38.033,-122.2669,64.81,63,32,7.0
66,Nikolskoye,RU,2022-04-18 17:58:28,59.7035,30.7861,48.09,88,67,3.44
67,Picota,PE,2022-04-18 17:58:28,-6.9197,-76.3304,82.89,67,78,2.35
68,Tasiilaq,GL,2022-04-18 17:58:29,65.6145,-37.6368,32.31,98,100,5.48
69,New Norfolk,AU,2022-04-18 17:58:29,-42.7826,147.0587,54.91,67,100,2.08
70,Aleksandrovka,UA,2022-04-18 17:58:30,46.8383,32.7612,40.42,89,100,13.82
71,Nuevo Progreso,MX,2022-04-18 17:58:30,23.1667,-97.95,82.47,54,7,15.03
72,Hobart,AU,2022-04-18 17:54:56,-42.8794,147.3294,55.26,79,100,4.61
73,Moissala,TD,2022-04-18 17:58:32,8.3404,17.7663,79.03,61,100,2.26
74,Srednekolymsk,RU,2022-04-18 17:58:33,67.45,153.6833,14.95,95,100,6.11
75,Atuona,PF,2022-04-18 17:58:33,-9.8,-139.0333,79.65,71,52,17.16
76,Kayes,ML,2022-04-18 17:58:34,14.0,-11.0,103.46,9,62,14.27
77,Borogontsy,RU,2022-04-18 17:58:34,62.6683,131.1683,26.47,94,100,9.64
78,Salalah,OM,2022-04-18 17:58:35,17.0151,54.0924,80.22,80,0,2.89
79,Katubao,PH,2022-04-18 17:58:36,5.8892,124.8294,80.01,82,56,4.59
80,Phuket,TH,2022-04-18 17:58:37,8.0,98.25,89.13,94,20,2.3
81,Kargasok,RU,2022-04-18 17:58:37,59.0556,80.8572,28.04,78,24,5.66
82,Iskateley,RU,2022-04-18 17:58:38,67.6803,53.1512,27.75,97,100,7.23
83,San Buenaventura,MX,2022-04-18 17:58:38,27.0833,-101.5333,88.48,53,25,10.58
84,Thompson,CA,2022-04-18 17:58:39,55.7435,-97.8558,35.76,32,40,2.3
85,Punta Arenas,CL,2022-04-18 17:57:15,-53.15,-70.9167,51.91,54,75,12.66
86,Svelgen,NO,2022-04-18 17:58:40,61.7685,5.2955,60.1,73,0,2.51
87,Sao Filipe,CV,2022-04-18 17:58:41,14.8961,-24.4956,72.73,74,44,12.01
88,Mujiayingzi,CN,2022-04-18 17:58:41,42.1167,118.7833,51.31,29,0,9.19
89,Palmer,US,2022-04-18 17:58:42,42.1584,-72.3287,60.15,26,71,8.01
90,Sabya,SA,2022-04-18 17:58:42,17.1495,42.6254,87.42,58,4,3.18
91,Port Macquarie,AU,2022-04-18 17:58:43,-31.4333,152.9167,55.29,94,17,0.0
92,Dikson,RU,2022-04-18 17:59:44,73.5069,80.5464,2.52,94,100,13.27
93,Mapimi,MX,2022-04-18 17:59:44,25.8167,-103.85,82.74,36,77,11.9
94,Carnarvon,AU,2022-04-18 17:59:45,-24.8667,113.6333,68.07,77,54,8.05
95,Lesnoye,RU,2022-04-18 17:59:45,58.2841,35.5158,34.36,96,24,2.66
96,Arraial Do Cabo,BR,2022-04-18 17:59:46,-22.9661,-42.0278,78.76,65,40,9.22
97,Sola,VU,2022-04-18 17:59:46,-13.8833,167.55,81.86,75,82,13.85
98,Coro,VE,2022-04-18 17:59:47,11.4045,-69.6734,85.51,64,94,16.06
99,Marawi,PH,2022-04-18 17:59:48,7.9986,124.2928,69.96,97,97,1.9
100,San Cristobal,VE,2022-04-18 17:59:48,7.7669,-72.225,77.18,53,99,6.98
101,Komsomolskiy,UZ,2022-04-18 17:59:49,40.4272,71.7189,72.32,40,89,2.3
102,Cherskiy,RU,2022-04-18 17:59:49,68.75,161.3,13.55,96,100,2.66
103,Popondetta,PG,2022-04-18 17:59:50,-8.7537,148.2534,72.05,96,60,2.66
104,Eseka,CM,2022-04-18 17:59:51,3.65,10.7667,74.34,99,100,1.81
105,Soure,BR,2022-04-18 17:59:52,-0.7167,-48.5233,82.06,78,81,5.01
106,Lodja,CD,2022-04-18 17:59:52,-3.4833,23.4333,76.21,80,49,0.96
107,Souillac,MU,2022-04-18 17:59:53,-20.5167,57.5167,79.18,94,75,11.5
108,Galveston,US,2022-04-18 17:59:53,29.3669,-94.9669,79.18,69,47,4.0
109,Impfondo,CG,2022-04-18 17:59:54,1.6381,18.0667,73.53,96,90,3.51
110,Aklavik,CA,2022-04-18 17:59:54,68.2191,-135.0107,12.2,57,0,5.75
111,Goderich,CA,2022-04-18 17:59:55,43.7501,-81.7165,46.9,42,100,17.27
112,Bakchar,RU,2022-04-18 17:59:55,57.0186,82.0711,29.52,76,70,3.36
113,Almaznyy,RU,2022-04-18 17:59:56,48.0448,40.045,56.41,76,62,7.56
114,Tuatapere,NZ,2022-04-18 17:59:56,-46.1333,167.6833,53.26,88,100,6.26
115,Avarua,CK,2022-04-18 17:56:57,-21.2078,-159.775,69.85,100,62,3.44
116,Farafangana,MG,2022-04-18 17:59:57,-22.8167,47.8333,75.61,82,33,8.63
117,Sao Joao Da Barra,BR,2022-04-18 17:59:58,-21.6403,-41.0511,80.69,64,33,12.26
118,Leningradskiy,RU,2022-04-18 17:59:59,69.3833,178.4167,9.39,91,71,4.7
119,Spirit River,CA,2022-04-18 17:59:59,55.7833,-118.8361,25.38,61,99,10.54
120,Lasa,IT,2022-04-18 18:00:00,46.6166,10.7002,43.23,85,39,6.62
121,Salinas,US,2022-04-18 17:58:55,36.6777,-121.6555,62.83,53,39,5.39
122,Pyapon,MM,2022-04-18 18:00:01,16.2833,95.6833,82.65,71,2,6.2
123,Hilo,US,2022-04-18 18:00:02,19.7297,-155.09,75.27,95,96,1.99
124,Yellowknife,CA,2022-04-18 18:00:04,62.456,-114.3525,19.56,37,91,7.47
125,Nelson Bay,AU,2022-04-18 18:00:05,-32.7167,152.15,64.0,93,78,10.58
126,Te Anau,NZ,2022-04-18 18:00:07,-45.4167,167.7167,52.86,91,100,3.91
127,Bluff,NZ,2022-04-18 18:00:09,-46.6,168.3333,45.81,83,100,8.97
128,Khatanga,RU,2022-04-18 18:00:11,71.9667,102.5,3.7,97,100,8.75
129,Humberto De Campos,BR,2022-04-18 18:00:12,-2.5983,-43.4611,84.18,74,71,4.94
130,Ribeira Grande,PT,2022-04-18 18:00:13,38.5167,-28.7,63.0,63,75,14.97
131,Wakkanai,JP,2022-04-18 18:00:14,45.4094,141.6739,39.42,76,2,8.1
132,Kandi,BJ,2022-04-18 18:00:15,11.1342,2.9386,94.55,17,89,3.98
133,Nanortalik,GL,2022-04-18 18:00:16,60.1432,-45.2371,35.51,70,35,7.52
134,Vestmannaeyjar,IS,2022-04-18 17:55:52,63.4427,-20.2734,47.39,71,0,20.71
135,Opuwo,NA,2022-04-18 18:00:18,-18.0607,13.84,79.03,45,99,6.96
136,Cedar City,US,2022-04-18 18:00:18,37.6775,-113.0619,65.39,15,85,10.16
137,Katsuura,JP,2022-04-18 18:00:19,35.1333,140.3,56.16,90,100,15.01
138,Kavieng,PG,2022-04-18 18:01:20,-2.5744,150.7967,83.01,73,97,13.22
139,Hambantota,LK,2022-04-18 18:01:21,6.1241,81.1185,80.56,83,66,11.48
140,Chuy,UY,2022-04-18 18:01:21,-33.6971,-53.4616,70.93,60,61,11.16
141,Georgetown,MY,2022-04-18 17:59:24,5.4112,100.3354,81.95,93,20,3.44
142,Mandera,KE,2022-04-18 18:01:23,3.9366,41.867,81.43,68,56,8.84
143,Kulhudhuffushi,MV,2022-04-18 18:01:24,6.6221,73.07,84.79,71,71,7.76
144,Tuktoyaktuk,CA,2022-04-18 18:01:25,69.4541,-133.0374,6.84,82,38,7.09
145,Arlit,NE,2022-04-18 18:01:25,18.7369,7.3853,88.54,7,66,6.96
146,Buala,SB,2022-04-18 18:01:26,-8.145,159.5921,79.97,81,95,5.86
147,Ayan,RU,2022-04-18 18:01:27,56.45,138.1667,27.36,95,88,0.65
148,Bethel,US,2022-04-18 18:01:27,41.3712,-73.414,56.17,46,100,5.99
149,Airai,TL,2022-04-18 18:01:28,-8.9266,125.4092,59.86,90,94,2.53
150,Clyde River,CA,2022-04-18 18:01:28,70.4692,-68.5914,-1.7,80,100,1.12
151,Kruisfontein,ZA,2022-04-18 18:01:29,-34.0033,24.7314,60.89,86,46,4.41
152,College,US,2022-04-18 18:01:30,64.8569,-147.8028,32.79,38,6,3.31
153,Karratha,AU,2022-04-18 18:01:30,-20.7377,116.8463,83.66,41,10,10.92
154,Ananas,HT,2022-04-18 18:01:31,19.2466,-71.9557,83.7,48,99,14.88
155,Kapaa,US,2022-04-18 18:01:31,22.0752,-159.319,75.18,74,64,5.01
156,Aksarka,RU,2022-04-18 18:01:32,66.5606,67.7975,23.68,90,100,10.6
157,Hasaki,JP,2022-04-18 18:01:33,35.7333,140.8333,52.2,80,100,19.46
158,Coquimbo,CL,2022-04-18 18:01:33,-29.9533,-71.3436,61.75,74,21,7.67
159,Freeport,US,2022-04-18 18:01:34,40.6576,-73.5832,51.49,54,0,17.27
160,Wad Rawah,SD,2022-04-18 18:01:34,15.1603,33.1397,100.13,11,64,7.67
161,Tiksi,RU,2022-04-18 18:01:35,71.6872,128.8694,3.36,100,100,3.31
162,Huntingdon,GB,2022-04-18 18:01:36,52.3305,-0.1865,57.02,70,100,3.69
163,Aykhal,RU,2022-04-18 18:01:36,66.0,111.5,7.7,94,100,25.9
164,Yerbogachen,RU,2022-04-18 18:01:37,61.2767,108.0108,18.61,87,96,13.4
165,North Bend,US,2022-04-18 18:00:23,43.4065,-124.2243,56.16,100,100,1.01
166,Lavrentiya,RU,2022-04-18 18:01:38,65.5833,-171.0,27.95,90,100,8.52
167,Severo-Kurilsk,RU,2022-04-18 18:01:39,50.6789,156.125,29.64,88,90,5.61
168,Samfya,ZM,2022-04-18 18:01:39,-11.3649,29.5565,67.64,88,68,6.69
169,Vao,NC,2022-04-18 18:01:40,-22.6667,167.4833,76.28,71,100,2.68
170,Guadalupe Y Calvo,MX,2022-04-18 18:01:41,26.1,-106.9667,80.76,8,99,8.14
171,Hobyo,SO,2022-04-18 18:01:41,5.3505,48.5268,83.88,80,14,14.03
172,Pimentel,PE,2022-04-18 18:01:42,-6.8367,-79.9342,70.75,75,20,15.68
173,Hengshui,CN,2022-04-18 18:00:34,37.7322,115.7011,53.96,45,0,7.83
174,Sertanopolis,BR,2022-04-18 18:01:43,-23.0586,-51.0364,76.77,51,11,5.97
175,Sao Joao Da Ponte,BR,2022-04-18 18:01:44,-15.9292,-44.0078,76.59,56,83,8.66
176,Anadyr,RU,2022-04-18 18:01:44,64.75,177.4833,30.0,86,100,13.0
177,At-Bashi,KG,2022-04-18 18:01:45,41.1702,75.8106,51.37,37,23,7.81
178,Acapulco,MX,2022-04-18 18:01:45,16.8634,-99.8901,86.45,48,73,8.46
179,Luderitz,NA,2022-04-18 18:01:46,-26.6481,15.1594,75.45,42,2,9.42
180,Port Lincoln,AU,2022-04-18 18:00:25,-34.7333,135.8667,58.44,66,44,11.21
181,Juegang,CN,2022-04-18 18:01:47,32.3174,121.1855,55.9,74,83,7.47
182,Bredasdorp,ZA,2022-04-18 18:01:47,-34.5322,20.0403,60.93,91,49,7.9
183,Cidreira,BR,2022-04-18 18:01:48,-30.1811,-50.2056,70.93,65,86,12.57
184,Longyearbyen,SJ,2022-04-18 18:02:59,78.2186,15.6401,15.64,73,20,2.3
185,Pacifica,US,2022-04-18 18:03:00,37.6138,-122.4869,64.63,63,75,6.91
186,Kahului,US,2022-04-18 18:03:00,20.8947,-156.47,77.02,70,20,16.11
187,Pangnirtung,CA,2022-04-18 18:03:01,66.1451,-65.7125,-3.96,85,100,7.72
188,Ibra,OM,2022-04-18 18:03:01,22.6906,58.5334,82.81,32,15,2.53
189,Sorland,NO,2022-04-18 18:03:02,67.667,12.6934,42.66,89,100,5.06
190,Port Hardy,CA,2022-04-18 18:03:03,50.6996,-127.4199,41.43,91,100,18.54
191,Esperance,AU,2022-04-18 18:03:14,-33.8667,121.9,62.53,74,87,8.3
192,Cayenne,GF,2022-04-18 18:00:09,4.9333,-52.3333,76.08,1,100,2.3
193,Hofn,IS,2022-04-18 18:03:25,64.2539,-15.2082,44.69,78,100,18.23
194,Youghal,IE,2022-04-18 18:03:25,51.95,-7.8506,53.1,65,82,9.89
195,Najran,SA,2022-04-18 18:03:26,17.4924,44.1277,77.79,18,0,5.57
196,Sao Paulo De Olivenca,BR,2022-04-18 18:03:26,-3.3783,-68.8725,79.79,83,100,2.93
197,Bengkulu,ID,2022-04-18 18:03:27,-3.8004,102.2655,75.02,90,100,4.72
198,Mehamn,NO,2022-04-18 18:02:09,71.0357,27.8492,40.89,97,100,26.55
199,Saint-Augustin,CA,2022-04-18 18:03:28,51.226,-58.6502,33.1,73,91,24.34
200,Sitka,US,2022-04-18 18:03:29,57.0531,-135.33,44.49,49,40,3.44
201,Hami,CN,2022-04-18 18:03:40,42.8,93.45,59.14,13,0,4.74
202,Kunming,CN,2022-04-18 18:00:05,25.0389,102.7183,53.4,81,98,6.35
203,Monterey,US,2022-04-18 18:01:52,36.2505,-121.2516,65.17,29,91,5.32
204,Sept-Iles,CA,2022-04-18 18:00:18,50.2001,-66.3821,37.69,57,2,3.94
205,Aranos,NA,2022-04-18 18:03:42,-24.1333,19.1167,73.26,27,0,12.8
206,Belousovka,KZ,2022-04-18 18:03:42,50.1339,82.5239,51.57,45,100,5.73
207,Mayo,US,2022-04-18 18:03:43,38.8876,-76.5119,50.11,60,100,17.0
208,Comodoro Rivadavia,AR,2022-04-18 18:03:44,-45.8667,-67.5,60.66,63,0,8.05
209,Quatre Cocos,MU,2022-04-18 18:03:44,-20.2078,57.7625,79.09,86,33,11.79
210,Butaritari,KI,2022-04-18 18:03:45,3.0707,172.7902,81.19,76,12,12.84
211,Rorvik,NO,2022-04-18 18:03:45,64.8621,11.2373,57.31,54,0,9.22
212,Rafsanjan,IR,2022-04-18 18:03:46,30.4067,55.9939,62.17,22,13,10.04
213,Smolenka,RU,2022-04-18 18:03:47,52.1352,113.4974,41.07,48,100,4.47
214,Vestmanna,FO,2022-04-18 18:03:48,62.1564,-7.1664,45.52,76,75,19.57
215,Newport,GB,2022-04-18 18:01:58,51.5877,-2.9984,55.33,63,44,11.34
216,Durango,MX,2022-04-18 17:59:57,24.8333,-104.8333,81.03,22,54,9.73
217,Tevriz,RU,2022-04-18 18:03:49,57.509,72.4042,30.29,73,12,2.71
218,Bathsheba,BB,2022-04-18 18:03:50,13.2167,-59.5167,81.59,71,89,16.6
219,Chokurdakh,RU,2022-04-18 18:03:51,70.6333,147.9167,-5.85,100,51,4.65
220,Nouadhibou,MR,2022-04-18 18:03:51,20.931,-17.0347,65.17,86,54,16.28
221,Hamilton,US,2022-04-18 18:03:52,39.1834,-84.5333,40.95,88,100,19.57
222,Severnyy,RU,2022-04-18 18:03:52,50.677,36.5532,50.04,93,100,8.95
223,Naze,JP,2022-04-18 18:01:34,28.3667,129.4833,63.23,82,100,10.45
224,Eyl,SO,2022-04-18 18:03:53,7.9803,49.8164,82.81,79,1,8.66
225,Auki,SB,2022-04-18 18:03:54,-8.7676,160.7034,76.68,87,98,4.0
226,Sayansk,RU,2022-04-18 18:03:54,54.1088,102.1648,42.37,78,98,5.06
227,Zyryanka,RU,2022-04-18 18:03:55,65.75,150.85,-1.03,100,53,5.88
228,Nantucket,US,2022-04-18 18:01:54,41.2835,-70.0995,52.0,62,0,12.66
229,Moramanga,MG,2022-04-18 18:04:56,-18.9333,48.2,67.03,92,48,3.29
230,Umba,RU,2022-04-18 18:04:56,66.6871,34.3429,34.7,100,100,5.41
231,Presidencia Roque Saenz Pena,AR,2022-04-18 18:04:57,-26.7852,-60.4388,77.9,42,0,3.44
232,Grindavik,IS,2022-04-18 18:04:57,63.8424,-22.4338,45.07,65,75,14.97
233,Nuuk,GL,2022-04-18 18:01:53,64.1835,-51.7216,18.88,79,100,16.11
234,Bilibino,RU,2022-04-18 18:04:58,68.0546,166.4372,6.51,99,100,2.75
235,Ancud,CL,2022-04-18 18:04:59,-41.8697,-73.8203,53.22,73,87,6.71
236,Kattivakkam,IN,2022-04-18 18:04:59,13.2167,80.3167,86.09,86,57,8.03
237,Rio Cuarto,AR,2022-04-18 18:00:21,-33.1307,-64.3499,78.48,29,1,16.13
238,Taoudenni,ML,2022-04-18 18:05:01,22.6783,-3.9836,88.95,8,90,12.3
239,Viedma,AR,2022-04-18 18:05:01,-40.8135,-62.9967,74.43,37,89,19.46
240,Kragero,NO,2022-04-18 18:05:02,58.8693,9.4149,47.44,66,17,5.1
241,Gamba,GA,2022-04-18 18:05:02,-2.65,10.0,78.49,89,100,5.35
242,Namibe,AO,2022-04-18 18:05:03,-15.1961,12.1522,74.32,76,99,1.77
243,Bontang,ID,2022-04-18 18:05:03,0.1333,117.5,79.54,86,78,9.1
244,Jasper,US,2022-04-18 18:05:04,37.2001,-94.3502,56.01,45,75,13.8
245,Codrington,AU,2022-04-18 18:05:05,-38.2667,141.9667,55.33,86,100,9.44
246,Port Keats,AU,2022-04-18 18:05:06,-14.25,129.55,80.2,77,63,1.86
247,Misratah,LY,2022-04-18 18:05:06,32.3754,15.0925,59.97,60,1,22.06
248,Astoria,US,2022-04-18 18:01:17,46.1879,-123.8313,47.93,92,100,4.0
249,San Matias,BO,2022-04-18 18:05:08,-16.3667,-58.4,88.14,37,11,4.29
250,Persianovskiy,RU,2022-04-18 18:05:09,47.5137,40.1075,66.56,67,40,13.42
251,Kihei,US,2022-04-18 18:04:59,20.785,-156.4656,77.02,73,20,16.11
252,Saquisili,EC,2022-04-18 18:05:11,-0.8333,-78.6667,67.95,75,97,0.69
253,Beringovskiy,RU,2022-04-18 18:05:12,63.05,179.3167,28.72,98,100,5.7
254,Talnakh,RU,2022-04-18 18:05:13,69.4865,88.3972,15.87,95,100,10.58
255,Barinitas,VE,2022-04-18 18:05:13,8.7622,-70.4111,83.84,55,100,1.48
256,Gayeri,BF,2022-04-18 18:05:14,12.6497,0.4931,96.06,8,54,5.03
257,Marsh Harbour,BS,2022-04-18 18:05:15,26.5412,-77.0636,77.56,74,18,8.75
258,Vilyuysk,RU,2022-04-18 18:05:16,63.7553,121.6247,25.39,97,100,6.89
259,Young,UY,2022-04-18 18:01:12,-32.6833,-57.6333,73.11,48,61,6.02
260,Hlobyne,UA,2022-04-18 18:05:17,49.3878,33.2596,42.4,81,100,11.97
261,Rocha,UY,2022-04-18 18:05:18,-34.4833,-54.3333,73.33,46,75,12.03
262,Tongliao,CN,2022-04-18 18:05:19,43.6125,122.2653,54.39,26,2,14.09
263,Mitsamiouli,KM,2022-04-18 18:05:19,-11.3847,43.2844,82.81,72,21,4.03
264,Vostok,RU,2022-04-18 18:05:20,46.4856,135.8833,24.24,74,9,6.15
265,Samarai,PG,2022-04-18 18:05:20,-10.6167,150.6667,80.67,82,92,13.13
266,Bintulu,MY,2022-04-18 18:05:21,3.1667,113.0333,79.5,84,88,4.32
267,Belaya Gora,RU,2022-04-18 18:05:22,68.5333,146.4167,-3.14,100,96,3.04
268,Bogorodskoye,RU,2022-04-18 18:05:22,56.55,37.8833,37.33,70,55,5.03
269,Bridgetown,BB,2022-04-18 18:03:02,13.1,-59.6167,80.64,73,97,16.69
270,Rizhao,CN,2022-04-18 18:05:23,35.4275,119.4553,51.84,76,27,2.93
271,Fairlie,GB,2022-04-18 18:05:24,55.756,-4.8556,53.22,78,59,8.41
272,Lorengau,PG,2022-04-18 18:05:25,-2.0226,147.2712,82.36,74,100,7.63
273,Iguape,BR,2022-04-18 18:06:26,-24.7081,-47.5553,74.12,58,52,9.15
274,Marzuq,YE,2022-04-18 18:06:26,14.4,46.4667,74.44,52,11,6.02
275,Grand-Lahou,CI,2022-04-18 18:06:27,5.1367,-5.0242,77.09,88,100,9.37
276,Caravelas,BR,2022-04-18 18:06:27,-17.7125,-39.2481,80.42,57,29,11.01
277,Manzhouli,CN,2022-04-18 18:06:28,49.6,117.4333,50.0,40,26,5.48
278,Aljezur,PT,2022-04-18 18:06:28,37.3191,-8.8033,60.01,76,4,22.3
279,Victoria Point,AU,2022-04-18 18:06:29,-27.5833,153.3,64.44,94,38,4.07
280,Kaitangata,NZ,2022-04-18 18:06:30,-46.2817,169.8464,49.3,75,100,5.26
281,Ler,SS,2022-04-18 18:06:30,8.3018,30.1418,90.86,33,29,3.96
282,Kirakira,SB,2022-04-18 18:06:31,-10.4544,161.9205,78.85,84,94,5.53
283,Porto Walter,BR,2022-04-18 18:06:32,-8.2686,-72.7439,82.74,74,100,4.47
284,Belmonte,BR,2022-04-18 18:06:32,-15.8631,-38.8828,77.43,76,100,12.44
285,Constitucion,CL,2022-04-18 18:06:33,-35.3333,-72.4167,62.91,62,66,10.11
286,Chicama,PE,2022-04-18 18:06:33,-7.8447,-79.1469,63.14,62,61,11.14
287,Trepuzzi,IT,2022-04-18 18:06:34,40.4056,18.0756,54.84,52,91,17.34
288,Celestun,MX,2022-04-18 18:06:34,20.8667,-90.4,85.87,57,14,12.35
289,Havoysund,NO,2022-04-18 18:06:35,70.9963,24.6622,43.03,97,100,27.67
290,Los Llanos De Aridane,ES,2022-04-18 18:06:35,28.6585,-17.9182,65.95,78,40,18.41
291,Sembakung,ID,2022-04-18 18:06:36,3.8167,117.25,73.26,99,31,0.87
292,Mmathubudukwane,BW,2022-04-18 18:06:36,-24.6,26.4333,67.42,53,48,1.05
293,Plauen,DE,2022-04-18 18:06:37,50.5,12.1333,49.06,45,72,3.0
294,Axim,GH,2022-04-18 18:06:37,4.8699,-2.2405,77.94,88,100,6.91
295,Bowen,AU,2022-04-18 18:06:38,-20.0167,148.2333,69.66,93,8,9.28
296,Sudak,UA,2022-04-18 18:06:38,44.85,34.9667,51.4,87,25,4.83
297,Praia Da Vitoria,PT,2022-04-18 18:06:39,38.7333,-27.0667,61.75,69,72,15.55
298,Sakaraha,MG,2022-04-18 18:06:40,-22.9,44.5333,74.07,73,73,1.28
299,Lobito,AO,2022-04-18 18:06:40,-12.3481,13.5456,78.3,89,99,6.69
300,Pangai,TO,2022-04-18 18:06:41,-19.8,-174.35,81.63,78,77,15.5
301,Novopskov,UA,2022-04-18 18:06:42,49.5464,39.0899,57.87,69,93,9.48
302,Muros,ES,2022-04-18 18:06:42,42.7762,-9.0603,56.84,64,71,16.69
303,Norrtalje,SE,2022-04-18 18:06:43,59.758,18.705,55.58,76,97,3.85
304,Atambua,ID,2022-04-18 18:06:43,-9.1061,124.8925,73.31,89,90,3.33
305,Buchanan,LR,2022-04-18 18:05:21,5.8808,-10.0467,81.73,79,92,6.49
306,Fairbanks,US,2022-04-18 18:06:44,64.8378,-147.7164,32.81,39,0,9.22
307,Kaeo,NZ,2022-04-18 18:06:45,-35.1,173.7833,69.33,98,71,7.7
308,Vardo,NO,2022-04-18 18:06:45,70.3705,31.1107,39.18,81,75,14.97
309,Fort Frances,CA,2022-04-18 18:06:46,48.5999,-93.4003,34.16,77,75,19.57
310,Lisakovsk,KZ,2022-04-18 18:06:46,52.5369,62.4936,50.31,53,14,6.49
311,San Jose,US,2022-04-18 18:05:15,37.3394,-121.895,65.25,50,75,5.99
312,Mwinilunga,ZM,2022-04-18 18:06:47,-11.7358,24.4293,64.15,91,20,3.6
313,Ballarat,AU,2022-04-18 18:06:48,-37.5662,143.8496,53.28,99,100,3.56
314,Ponta Delgada,PT,2022-04-18 18:03:48,37.7333,-25.6667,61.52,67,75,14.97
315,Aksu,CN,2022-04-18 18:06:49,41.1231,80.2644,62.35,14,5,5.26
316,Honningsvag,NO,2022-04-18 18:06:49,70.9821,25.9704,42.55,87,100,26.46
317,Kyra,RU,2022-04-18 18:06:50,49.5776,111.9753,46.15,48,15,3.49
318,Marigot,MF,2022-04-18 18:06:50,18.0667,-63.0833,83.98,60,40,19.57
319,Turukhansk,RU,2022-04-18 18:06:51,65.8167,87.9833,18.54,95,100,13.96
320,Moron,AR,2022-04-18 18:07:52,-34.6534,-58.6198,74.95,61,46,7.99
321,Sirari,TZ,2022-04-18 18:07:53,-1.2333,34.4333,61.99,94,95,10.98
322,Abu Samrah,SY,2022-04-18 18:07:53,35.3029,37.1841,76.93,25,100,4.14
323,Henties Bay,NA,2022-04-18 18:07:54,-22.116,14.2845,65.08,73,34,5.37
324,Geraldton,AU,2022-04-18 18:07:55,-28.7667,114.6,54.01,76,0,4.61
325,Lompoc,US,2022-04-18 18:04:22,34.6391,-120.4579,63.84,67,0,15.99
326,Rio Grande,BR,2022-04-18 18:07:03,-32.035,-52.0986,77.11,63,77,11.83
327,Makakilo City,US,2022-04-18 18:07:57,21.3469,-158.0858,75.18,61,0,12.66
328,Daru,PG,2022-04-18 18:07:58,-9.0763,143.2092,76.84,90,99,5.28
329,Khromtau,KZ,2022-04-18 18:07:58,50.2503,58.4347,54.07,53,69,5.08
330,Baykit,RU,2022-04-18 18:07:59,61.67,96.37,13.77,91,92,8.14
331,Amapa,BR,2022-04-18 18:08:00,1.0,-52.0,81.1,91,100,2.33
332,Port Augusta,AU,2022-04-18 18:08:00,-32.5,137.7667,58.05,82,82,12.01
333,Rundu,NA,2022-04-18 18:08:01,-17.9333,19.7667,73.76,55,95,4.92
334,Provideniya,RU,2022-04-18 18:08:01,64.3833,-173.3,30.61,93,100,10.54
335,Bonavista,CA,2022-04-18 18:08:02,48.6499,-53.1147,39.31,71,45,23.15
336,Faanui,PF,2022-04-18 18:08:02,-16.4833,-151.75,80.53,75,32,9.51
337,Merrill,US,2022-04-18 18:08:03,45.1805,-89.6835,33.57,82,100,6.91
338,Micheweni,TZ,2022-04-18 18:08:04,-4.9667,39.8333,81.32,80,22,11.77
339,Quzhou,CN,2022-04-18 18:08:04,28.9594,118.8686,52.72,93,63,3.0
340,Muzhi,RU,2022-04-18 18:08:05,65.3667,64.6667,32.11,83,92,12.15
341,Namatanai,PG,2022-04-18 18:08:05,-3.6667,152.4333,80.51,80,100,9.66
342,Chama,CH,2022-04-18 18:08:06,47.1821,8.4636,58.95,69,4,3.22
343,Dudinka,RU,2022-04-18 18:05:13,69.4058,86.1778,19.38,95,100,11.36
344,Vondrozo,MG,2022-04-18 18:08:07,-22.8167,47.2833,68.07,97,82,2.84
345,Djibo,BF,2022-04-18 18:08:08,14.1022,-1.6306,93.88,9,68,7.96
346,Elat,IL,2022-04-18 18:08:08,29.5581,34.9482,87.89,17,97,0.98
347,Lebu,CL,2022-04-18 18:08:09,-37.6167,-73.65,58.93,83,94,6.87
348,Havre,FR,2022-04-18 18:08:09,49.5833,0.3333,52.34,87,20,10.36
349,Santa Isabel,BR,2022-04-18 18:08:10,-23.3156,-46.2214,73.11,65,31,6.69
350,Liwale,TZ,2022-04-18 18:08:10,-9.7667,37.9333,69.58,97,26,4.18
351,Mahajanga,MG,2022-04-18 18:08:11,-15.7167,46.3167,82.38,69,80,1.74
352,Ha Tinh,VN,2022-04-18 18:06:31,18.3333,105.9,65.95,90,100,7.16
353,Tukrah,LY,2022-04-18 18:08:12,32.5341,20.5791,58.98,81,14,19.93
354,Stratonion,GR,2022-04-18 18:08:12,40.5141,23.8247,47.21,81,100,7.9
355,Saint-Joseph,RE,2022-04-18 18:08:13,-21.3667,55.6167,77.38,85,25,8.97
356,Pisco,PE,2022-04-18 18:05:49,-13.7,-76.2167,69.03,73,0,9.22
357,Stornoway,GB,2022-04-18 18:08:14,58.2093,-6.3865,48.16,88,75,32.21
358,El Pedernal,HN,2022-04-18 18:08:14,14.7,-87.1167,89.19,36,69,6.71
359,Nhulunbuy,AU,2022-04-18 18:08:15,-12.2333,136.7667,77.61,94,75,4.61
360,Potsdam,DE,2022-04-18 18:08:15,52.3989,13.0657,58.05,46,50,6.33
361,Palpa,PE,2022-04-18 18:08:16,-14.5336,-75.1856,85.35,35,38,7.9
362,Norman Wells,CA,2022-04-18 18:08:16,65.282,-126.8329,20.25,80,32,5.1
363,Hervey Bay,AU,2022-04-18 18:09:17,-25.2986,152.8535,70.02,90,63,8.01
364,Ostrovnoy,RU,2022-04-18 18:09:18,68.0531,39.5131,36.9,100,100,14.63
365,Svetlogorsk,BY,2022-04-18 18:09:18,52.6333,29.7333,35.38,97,99,5.93
366,Cabo San Lucas,MX,2022-04-18 18:08:43,22.8909,-109.9124,90.7,40,20,4.61
367,Mount Isa,AU,2022-04-18 18:09:19,-20.7333,139.5,62.37,48,0,0.0
368,Wieliczka,PL,2022-04-18 18:09:20,49.9874,20.0647,46.15,55,100,4.36
369,Saint-Denis,FR,2022-04-18 18:09:20,48.9167,2.3333,67.05,36,0,6.91
370,Upernavik,GL,2022-04-18 18:09:21,72.7868,-56.1549,6.06,91,100,3.58
371,Shetpe,KZ,2022-04-18 18:09:21,44.1667,52.1167,64.22,30,28,4.92
372,Nemuro,JP,2022-04-18 18:09:22,43.3236,145.575,36.59,97,100,8.84
373,Kiama,AU,2022-04-18 18:09:23,-34.6833,150.8667,64.58,87,100,3.0
374,Namtsy,RU,2022-04-18 18:09:24,62.7161,129.6658,27.81,97,100,10.02
375,Tilichiki,RU,2022-04-18 18:09:24,60.4667,166.1,7.43,96,83,6.29
376,Kemijarvi,FI,2022-04-18 18:09:25,66.7131,27.4306,40.01,94,90,4.45
377,Adrar,MR,2022-04-18 18:09:25,20.5022,-10.0711,91.72,9,1,10.09
378,Parlakimidi,IN,2022-04-18 18:09:26,18.7667,84.0833,80.64,86,12,1.45
379,Yulara,AU,2022-04-18 18:09:26,-25.2406,130.9889,58.84,67,18,4.61
380,Tual,ID,2022-04-18 18:09:27,-5.6667,132.75,83.48,72,100,2.33
381,Nizwa,OM,2022-04-18 18:09:27,22.9333,57.5333,84.2,17,1,5.06
382,Bobcaygeon,CA,2022-04-18 18:08:21,44.5462,-78.542,48.88,36,74,15.21
383,Masunga,BW,2022-04-18 18:09:28,-20.6246,27.4488,63.03,78,7,13.02
384,Spencer,US,2022-04-18 18:09:29,43.1414,-95.1444,36.59,60,75,23.02
385,Sangar,RU,2022-04-18 18:09:30,63.9242,127.4739,27.3,94,100,15.9
386,Rio Gallegos,AR,2022-04-18 18:09:31,-51.6226,-69.2181,51.85,56,49,20.58
387,Qiyang,CN,2022-04-18 18:09:31,26.5911,111.8474,56.77,89,93,1.48
388,Traverse City,US,2022-04-18 18:09:32,44.7631,-85.6206,39.72,84,100,6.91
389,Luyang,CN,2022-04-18 18:09:32,27.6239,110.0989,57.42,86,99,0.58
390,Jalu,LY,2022-04-18 18:09:33,29.0331,21.5482,71.4,36,0,9.4
391,Yilan,TW,2022-04-18 18:09:33,24.757,121.753,70.36,99,100,4.0
392,Basco,PH,2022-04-18 18:09:34,20.4487,121.9702,76.98,81,57,16.91
393,Alyangula,AU,2022-04-18 18:09:35,-13.8483,136.4192,73.27,100,75,0.0
394,Whitehorse,CA,2022-04-18 18:09:35,60.7161,-135.0538,24.1,72,12,1.3
395,Touros,BR,2022-04-18 18:05:55,-5.1989,-35.4608,85.41,64,96,11.45
396,Nedjo,ET,2022-04-18 18:09:36,9.5046,35.5019,64.4,79,63,2.37
397,Ghanzi,BW,2022-04-18 18:09:37,-21.5667,21.7833,72.59,40,3,7.76
398,Tari,NG,2022-04-18 18:09:37,12.4086,4.4914,96.84,15,41,2.17
399,Tura,IN,2022-04-18 18:09:38,25.5198,90.2201,69.19,84,2,4.5
400,Kirkuk,IQ,2022-04-18 18:09:38,35.4681,44.3922,71.26,29,24,7.0
401,Iqaluit,CA,2022-04-18 18:09:39,63.7506,-68.5145,-2.31,70,48,5.01
402,Oksfjord,NO,2022-04-18 18:09:39,70.2396,22.3479,42.87,98,100,7.58
403,Saint-Francois,FR,2022-04-18 18:09:40,46.4154,3.9054,63.84,34,0,2.3
404,Ust-Ilimsk,RU,2022-04-18 18:07:34,58.0006,102.6619,27.1,76,100,9.46
405,Xiamen,CN,2022-04-18 18:09:41,24.4798,118.0819,63.25,79,100,10.04
406,Puerto Del Rosario,ES,2022-04-18 18:09:41,28.5004,-13.8627,69.55,78,20,18.41
407,Okhotsk,RU,2022-04-18 18:09:42,59.3833,143.3,18.84,97,88,6.53
408,Sovetskiy,RU,2022-04-18 18:09:42,61.3614,63.5842,29.26,92,86,4.99
409,Santa Catalina,PH,2022-04-18 18:10:43,9.3337,122.8637,79.11,83,6,7.43
410,Bud,US,2022-04-18 18:10:44,39.447,-86.1758,42.15,82,100,13.85
411,Montepuez,MZ,2022-04-18 18:10:44,-13.1256,38.9997,69.28,97,79,4.29
412,Abha,SA,2022-04-18 18:10:45,18.2164,42.5053,71.85,25,20,6.91
413,Cabra,ES,2022-04-18 18:10:45,37.4725,-4.4421,69.06,57,55,11.01
414,Dhidhdhoo,MV,2022-04-18 18:10:46,6.8833,73.1,84.7,72,51,6.89
415,Lardos,GR,2022-04-18 18:10:46,36.0942,28.0157,61.95,83,1,6.8
416,Tutoia,BR,2022-04-18 18:10:47,-2.7619,-42.2744,84.0,69,74,7.47
417,Vila Franca Do Campo,PT,2022-04-18 18:10:47,37.7167,-25.4333,61.21,68,76,12.71
418,Ures,MX,2022-04-18 18:10:48,29.4333,-110.4,95.56,5,42,3.02
419,Kloulklubed,PW,2022-04-18 18:10:48,7.0419,134.2556,77.5,78,100,7.52
420,Kamiiso,JP,2022-04-18 18:10:49,41.8167,140.65,39.16,83,58,4.54
421,Fare,PF,2022-04-18 18:10:50,-16.7,-151.0167,80.62,74,2,10.02
422,Cabedelo,BR,2022-04-18 18:10:50,-6.9811,-34.8339,88.47,67,77,9.48
423,Mae Tha,TH,2022-04-18 18:10:51,18.4646,99.1403,79.72,51,57,1.81
424,Aswan,EG,2022-04-18 18:10:52,24.0934,32.907,93.79,7,79,4.36
425,La Ronge,CA,2022-04-18 18:10:52,55.1001,-105.2842,36.0,69,100,7.99
426,Rodrigues Alves,BR,2022-04-18 18:10:53,-7.738,-72.6509,79.5,76,87,6.44
427,Trinidad,BO,2022-04-18 18:10:53,-14.8333,-64.9,84.97,44,5,4.12
428,Calama,CL,2022-04-18 18:10:54,-22.4667,-68.9333,71.01,8,0,15.1
429,Tonk,IN,2022-04-18 18:10:54,26.1667,75.7833,90.63,16,46,9.13
430,Evensk,RU,2022-04-18 18:10:55,61.95,159.2333,22.35,96,100,3.76
431,Gilgit,PK,2022-04-18 18:10:55,35.9221,74.3087,66.9,37,33,1.7
432,Togur,RU,2022-04-18 18:10:56,58.3631,82.8265,26.78,79,6,3.91
433,Xichang,CN,2022-04-18 18:10:56,27.8964,102.2634,45.97,92,99,2.44
434,Santa Maria,BR,2022-04-18 18:10:57,-29.6842,-53.8069,74.88,59,82,1.74
435,Adeje,ES,2022-04-18 18:07:07,28.1227,-16.726,76.91,60,0,31.07
436,Trat,TH,2022-04-18 18:10:58,12.5,102.5,82.9,89,99,1.03
437,Huarmey,PE,2022-04-18 18:10:59,-10.0681,-78.1522,72.45,73,34,11.5
438,Fonte Boa,BR,2022-04-18 18:07:10,-2.4959,-66.2662,81.9,85,94,2.1
439,Denpasar,ID,2022-04-18 18:11:01,-8.65,115.2167,80.26,94,40,5.75
440,Itigi,TZ,2022-04-18 18:11:02,-5.7,34.4833,67.06,73,37,5.39
441,Coahuayana,MX,2022-04-18 18:11:03,18.7333,-103.6833,88.66,47,94,7.29
442,Monrovia,LR,2022-04-18 18:10:55,6.3005,-10.7969,83.97,73,100,8.03
443,Bria,CF,2022-04-18 18:11:04,6.5423,21.9863,73.18,88,100,2.89
444,Gao,ML,2022-04-18 18:11:05,16.6362,1.637,89.82,9,94,7.7
445,Brotas,BR,2022-04-18 18:11:01,-22.2842,-48.1267,76.8,54,10,2.89
446,Florence,IT,2022-04-18 18:10:55,43.7667,11.25,62.28,59,0,6.91
447,Aripuana,BR,2022-04-18 18:11:07,-9.1667,-60.6333,81.79,85,72,3.6
448,Mount Gambier,AU,2022-04-18 18:11:07,-37.8333,140.7667,52.09,81,82,4.59
449,Flinders,AU,2022-04-18 18:11:08,-34.5833,150.8552,64.38,85,100,4.0
450,Ocampo,MX,2022-04-18 18:11:08,21.65,-101.5,79.05,26,3,13.47
451,Komsomolets,KZ,2022-04-18 18:11:09,53.7453,62.0708,51.64,57,83,7.74
452,Ouagadougou,BF,2022-04-18 18:11:09,12.3642,-1.5383,97.66,8,71,3.94
453,Fort Morgan,US,2022-04-18 18:11:10,40.2503,-103.8,48.85,31,0,13.8
454,Havelock,US,2022-04-18 18:11:11,34.8791,-76.9013,66.94,95,100,11.01
455,Etchojoa,MX,2022-04-18 18:11:11,26.9167,-109.6333,94.84,13,43,7.63
456,Moerai,PF,2022-04-18 18:12:12,-22.4333,-151.3333,77.95,74,29,6.71
457,Turtas,RU,2022-04-18 18:12:12,58.9417,69.1325,25.59,88,53,4.36
458,Lashio,MM,2022-04-18 18:12:13,22.9333,97.75,69.44,57,35,1.74
459,Takaka,NZ,2022-04-18 18:12:13,-40.85,172.8,57.56,68,53,3.42
460,Singaparna,ID,2022-04-18 18:12:14,-7.3515,108.111,72.73,95,100,2.73
461,Kochubey,RU,2022-04-18 18:12:15,44.3861,46.5825,56.35,63,56,26.8
462,Babu,CN,2022-04-18 18:12:16,24.4167,111.5167,57.16,92,95,3.47
463,Chalchihuites,MX,2022-04-18 18:12:17,23.4833,-103.8833,81.16,21,60,9.13
464,Vaitape,PF,2022-04-18 18:12:18,-16.5167,-151.75,80.51,75,31,9.37
465,Clearwater,US,2022-04-18 18:11:48,27.9659,-82.8001,85.1,59,0,8.05
466,Ugoofaaru,MV,2022-04-18 18:12:19,5.6667,73.0,84.72,67,84,7.27
467,Southbridge,US,2022-04-18 18:12:20,42.0751,-72.0334,59.86,33,67,5.99
468,Washougal,US,2022-04-18 18:12:21,45.5826,-122.3534,56.84,60,100,18.41
469,Xining,CN,2022-04-18 18:09:25,36.6167,101.7667,39.27,45,100,4.83
470,Takoradi,GH,2022-04-18 18:12:22,4.8845,-1.7554,79.65,81,100,2.48
471,Ust-Nera,RU,2022-04-18 18:12:23,64.5667,143.2,-1.23,96,43,3.15
472,Tautira,PF,2022-04-18 18:12:24,-17.7333,-149.15,80.04,75,14,8.79
473,Boa Vista,BR,2022-04-18 18:12:25,2.8197,-60.6733,93.18,40,75,6.91
474,Eydhafushi,MV,2022-04-18 18:12:25,5.1033,73.0708,84.29,67,51,7.54
475,Caibarien,CU,2022-04-18 18:12:26,22.5206,-79.4669,87.12,67,24,11.05
476,Barcelos,PT,2022-04-18 18:12:27,41.5388,-8.6151,63.91,67,9,17.54
477,Ust-Abakan,RU,2022-04-18 18:12:27,53.8525,91.3742,46.89,53,0,6.71
478,Padang,ID,2022-04-18 18:12:28,-0.9492,100.3543,75.25,88,100,4.65
479,Kidderminster,GB,2022-04-18 18:12:28,52.3882,-2.25,57.02,77,84,8.81
480,Isangel,VU,2022-04-18 18:12:29,-19.55,169.2667,78.19,86,100,6.71
481,Key West,US,2022-04-18 18:10:16,24.5557,-81.7826,87.8,65,20,11.5
482,Ampanihy,MG,2022-04-18 18:12:30,-24.7,44.75,75.02,79,67,7.83
483,Nenjiang,CN,2022-04-18 18:12:30,49.1833,125.2167,42.89,44,53,7.2
484,Zasheyek,RU,2022-04-18 18:12:31,67.4066,32.5499,34.79,100,100,3.2
485,Santarem,BR,2022-04-18 18:12:31,-2.4431,-54.7083,84.33,79,20,5.75
486,Hecun,CN,2022-04-18 18:12:32,36.5333,114.1111,55.4,46,2,4.9
487,Elizabeth City,US,2022-04-18 18:12:33,36.2946,-76.2511,60.82,95,100,20.71
488,Kankon,IN,2022-04-18 18:12:33,15.0167,74.0167,84.0,68,5,2.73
489,De-Kastri,RU,2022-04-18 18:12:22,51.4667,140.7833,23.09,95,15,4.72
490,Lahan,NP,2022-04-18 18:12:34,26.7296,86.4951,81.07,61,0,12.19
491,Coihaique,CL,2022-04-18 18:12:35,-45.5752,-72.0662,59.61,54,40,8.05
492,Awbari,LY,2022-04-18 18:12:35,26.5921,12.7805,73.63,16,0,7.61
493,Shimoda,JP,2022-04-18 18:12:36,34.6667,138.95,54.1,88,100,11.39
494,Kisarawe,TZ,2022-04-18 18:12:06,-6.9,39.0667,73.72,94,20,5.1
495,Moree,AU,2022-04-18 18:12:37,-29.4667,149.85,63.27,72,3,10.89
496,Ouro Preto Do Oeste,BR,2022-04-18 18:12:38,-10.7481,-62.2158,81.95,79,68,6.85
497,Richards Bay,ZA,2022-04-18 18:12:39,-28.783,32.0377,64.9,92,100,6.22
498,Uinskoye,RU,2022-04-18 18:12:39,56.8817,56.5813,36.39,100,100,2.19
499,San Patricio,US,2022-04-18 18:12:40,28.017,-97.5169,88.16,54,52,15.39
500,Fano,IT,2022-04-18 18:12:40,43.8204,13.0121,54.79,47,13,3.67
501,Atbasar,KZ,2022-04-18 18:13:41,51.8,68.3333,46.18,55,63,6.85
502,Mlonggo,ID,2022-04-18 18:13:41,-6.5333,110.7,79.74,80,99,2.75
503,Enid,US,2022-04-18 18:13:42,36.3956,-97.8784,62.98,42,0,17.27
504,Manyana,BW,2022-04-18 18:13:43,-23.4,21.7167,68.58,44,0,8.75
505,Peniche,PT,2022-04-18 18:13:43,39.3558,-9.3811,60.3,72,36,28.43
506,Kandhla,IN,2022-04-18 18:13:44,29.3167,77.2667,86.85,11,0,6.58
507,Mareeba,AU,2022-04-18 18:13:44,-17.0,145.4333,68.72,93,38,2.24
508,Kysyl-Syr,RU,2022-04-18 18:13:45,63.8986,122.7617,22.69,97,99,5.44
509,Banda Aceh,ID,2022-04-18 18:13:45,5.5577,95.3222,80.8,79,91,5.21
510,Pavino,RU,2022-04-18 18:13:46,59.1139,46.1414,30.18,92,97,3.13
511,Hajnowka,PL,2022-04-18 18:13:47,52.7433,23.5812,40.01,78,100,1.01
512,Yamada,JP,2022-04-18 18:13:47,39.4667,141.95,45.77,78,100,7.05
513,Wuwei,CN,2022-04-18 18:13:48,37.9281,102.6414,47.89,46,100,11.27
514,Devonport,AU,2022-04-18 18:13:48,-41.1667,146.35,56.98,97,97,3.02
515,Ponferrada,ES,2022-04-18 18:13:49,42.5466,-6.5962,57.27,68,79,8.99
516,Sobolevo,RU,2022-04-18 18:13:49,54.4299,31.8996,40.12,85,100,13.4
517,Pyaozerskiy,RU,2022-04-18 18:13:50,65.8333,31.1667,36.64,100,90,5.12
518,Gravdal,NO,2022-04-18 18:13:51,68.1214,13.5031,42.69,100,100,3.44
519,Behbahan,IR,2022-04-18 18:13:51,30.5959,50.2417,76.23,13,0,5.3
520,Marquette,US,2022-04-18 18:13:51,46.5333,-87.6335,36.77,88,100,9.19
521,Eirunepe,BR,2022-04-18 18:10:17,-6.6603,-69.8736,73.53,98,100,2.33
522,Taclobo,PH,2022-04-18 18:13:52,12.3074,122.586,80.85,74,17,11.52
523,Mabaruma,GY,2022-04-18 18:13:53,8.2,-59.7833,82.53,65,100,7.38
524,Kahramanmaras,TR,2022-04-18 18:13:54,38.0,37.0,59.85,40,52,8.3
525,Pasni,PK,2022-04-18 18:13:54,25.2631,63.471,79.93,92,0,3.56
526,Kayerkan,RU,2022-04-18 18:13:55,69.3497,87.7602,17.1,94,100,10.78
527,Auce,LV,2022-04-18 18:13:55,56.4598,22.9017,38.88,67,64,7.85
528,Saldanha,ZA,2022-04-18 18:11:15,-33.0117,17.9442,61.52,79,17,10.18
529,Lensk,RU,2022-04-18 18:13:57,60.7253,114.9278,25.43,84,100,14.54
530,Bloemfontein,ZA,2022-04-18 18:13:57,-29.1211,26.214,51.28,76,0,3.44
531,Necochea,AR,2022-04-18 18:13:58,-38.5473,-58.7368,71.01,53,25,12.86
532,Grand Gaube,MU,2022-04-18 18:13:58,-20.0064,57.6608,79.38,87,46,5.01
533,Uravakonda,IN,2022-04-18 18:13:59,14.95,77.2667,86.74,36,95,8.43
534,Tigzirt,DZ,2022-04-18 18:13:59,36.8886,4.1198,62.67,66,85,9.33
